id,title,score,num_comments,author,created_utc,url,over_18,edited,spoiler,stickied
1f6dqg1,I am sharing Python Programming and Data courses and projects on YouTube,59,11,onurbaltaci,2024-09-01 12:54:04,https://www.reddit.com/r/dataengineering/comments/1f6dqg1/i_am_sharing_python_programming_and_data_courses/,False,False,False,False
1f6epjw,Ray vs Spark,36,9,manx1212,2024-09-01 13:40:54,https://www.reddit.com/r/dataengineering/comments/1f6epjw/ray_vs_spark/,False,False,False,False
1f6jmdu,Help a garage startup!,35,12,gangana3,2024-09-01 17:13:10,https://www.reddit.com/r/dataengineering/comments/1f6jmdu/help_a_garage_startup/,False,False,False,False
1f64vmw,"Since interviewers don't usually provide feedback after an [redacted], for those who have conducted interviews, what exactly do you look for in a candidate?",24,22,polonium_biscuit,2024-09-01 03:17:08,https://www.reddit.com/r/dataengineering/comments/1f64vmw/since_interviewers_dont_usually_provide_feedback/,False,False,False,False
1f6hwjh,Quarterly Salary Discussion - Sep 2024,18,1,AutoModerator,2024-09-01 16:00:30,https://www.reddit.com/r/dataengineering/comments/1f6hwjh/quarterly_salary_discussion_sep_2024/,False,False,False,False
1f6bf74,SQL - Back to basics,18,10,GameFitAverage,2024-09-01 10:36:07,https://www.reddit.com/r/dataengineering/comments/1f6bf74/sql_back_to_basics/,False,False,False,False
1f6kwth,"I made Zillacode.com Open Source - LeetCode for PySpark, Spark, Pandas and DBT/Snowflake
",17,0,dmage5000,2024-09-01 18:08:49,https://www.reddit.com/r/dataengineering/comments/1f6kwth/i_made_zillacodecom_open_source_leetcode_for/,False,False,False,False
1f6b4vn,In what scenarios AQE failed and you had to get your hands dirty in optimising spark job.,14,8,PutridPercentage8535,2024-09-01 10:16:11,https://www.reddit.com/r/dataengineering/comments/1f6b4vn/in_what_scenarios_aqe_failed_and_you_had_to_get/,False,False,False,False
1f6q7d7,Best way to host a small dashboard website,13,14,today_is_tuesday,2024-09-01 21:51:08,https://www.reddit.com/r/dataengineering/comments/1f6q7d7/best_way_to_host_a_small_dashboard_website/,False,False,False,False
1f6kber,"When using a streaming analytics platform like Flink, do you typically also have cold storage for data that falls off the end of the stream/log window?",8,1,incredulitor,2024-09-01 17:43:20,https://www.reddit.com/r/dataengineering/comments/1f6kber/when_using_a_streaming_analytics_platform_like/,False,False,False,False
1f6hjdd,Building a unified platform for data integrations,4,19,johnyeocx,2024-09-01 15:45:06,https://www.reddit.com/r/dataengineering/comments/1f6hjdd/building_a_unified_platform_for_data_integrations/,False,False,False,False
1f6j1v6,"Informatica Powercenter to Databricks migration ,is databricks the right technology to shift to?",4,14,Waste-Bug-8018,2024-09-01 16:49:04,https://www.reddit.com/r/dataengineering/comments/1f6j1v6/informatica_powercenter_to_databricks_migration/,False,False,False,False
1f69c95,Data engineering course review,4,4,chetan63,2024-09-01 08:05:07,https://www.reddit.com/r/dataengineering/comments/1f69c95/data_engineering_course_review/,False,False,False,False
1f6mob2,Data Engineering bootcamp,3,0,Substantial-Band-886,2024-09-01 19:22:25,https://www.reddit.com/r/dataengineering/comments/1f6mob2/data_engineering_bootcamp/,False,False,False,False
1f6ei97,How are you dealing with the body of `POST` requests and response metadata when interacting with APIs?,3,4,TobiPlay,2024-09-01 13:30:55,https://www.reddit.com/r/dataengineering/comments/1f6ei97/how_are_you_dealing_with_the_body_of_post/,False,False,False,False
1f6angk,Need help with figuring out the best track for learning Python/Python Pandas,3,7,crayyyyyy,2024-09-01 09:42:08,https://www.reddit.com/r/dataengineering/comments/1f6angk/need_help_with_figuring_out_the_best_track_for/,False,False,False,False
1f68wkw,How to design a semi-automated pipeline that may or may not need manual intervention ?,2,7,nothingveryserious,2024-09-01 07:33:39,https://www.reddit.com/r/dataengineering/comments/1f68wkw/how_to_design_a_semiautomated_pipeline_that_may/,False,False,False,False
1f6i2ne,Data and files management system in a small company ,2,2,kazmifactor,2024-09-01 16:07:20,https://www.reddit.com/r/dataengineering/comments/1f6i2ne/data_and_files_management_system_in_a_small/,False,False,False,False
1f6hwqz,Monthly General Discussion - Sep 2024,2,0,AutoModerator,2024-09-01 16:00:44,https://www.reddit.com/r/dataengineering/comments/1f6hwqz/monthly_general_discussion_sep_2024/,False,False,False,True
1f6f6bv,Pyspark UDF vs applyInPandas?,2,4,imperialka,2024-09-01 14:02:24,https://www.reddit.com/r/dataengineering/comments/1f6f6bv/pyspark_udf_vs_applyinpandas/,False,False,False,False
1f6as6a,Need help regarding apache beam,2,2,sakku308,2024-09-01 09:51:24,https://www.reddit.com/r/dataengineering/comments/1f6as6a/need_help_regarding_apache_beam/,False,False,False,False
1f6sxkx,Vulnerability alerting data pipeline,2,0,Inevitable_Ant_0712,2024-09-01 23:58:21,https://www.reddit.com/r/dataengineering/comments/1f6sxkx/vulnerability_alerting_data_pipeline/,False,False,False,False
1f6fduu,"ML and programming enthusiasts, insights needed!
",1,0,Less_Organization190,2024-09-01 14:11:58,https://www.reddit.com/r/dataengineering/comments/1f6fduu/ml_and_programming_enthusiasts_insights_needed/,False,False,False,False
